Product_name,Pricing,Ratings
APPLE iPhone 11 (White| 64 GB),Rs.46999,4.6(44,820)
APPLE iPhone 11 (Black| 64 GB),Rs.46999,4.6(44,820)
APPLE iPhone 11 (Purple| 64 GB),Rs.46999,4.6(44,820)
APPLE iPhone SE (Black| 64 GB),Rs.29999,4.5(96,294)
Apple iPhone XR (Black| 128 GB) (Includes EarPods| Power Adapter),Rs.41999,4.6(79,833)
Apple iPhone XR (Black| 64 GB) (Includes EarPods| Power Adapter),Rs.39999,4.6(79,833)
Apple iPhone XR (White| 128 GB) (Includes EarPods| Power Adapter),Rs.41999,4.6(79,833)
APPLE iPhone SE (White| 64 GB),Rs.29999,4.5(96,294)
APPLE iPhone 11 (Red| 64 GB),Rs.46999,4.6(44,820)
APPLE iPhone 11 (Black| 128 GB),Rs.54999,4.6(44,820)
APPLE iPhone 12 (White| 64 GB),Rs.73900,4.6(2,176)
APPLE iPhone 12 (White| 128 GB),Rs.78900,4.6(2,176)
Sprig Tempered Glass Guard for Apple iPhone 12,Rs.667,4.7(3)
Apple iPhone XR ((PRODUCT)RED| 128 GB) (Includes EarPods| Power Adapter),Rs.41999,4.6(79,833)
APPLE iPhone SE (Black| 128 GB),Rs.34999,4.5(96,294)
APPLE iPhone SE (White| 128 GB),Rs.34999,4.5(96,294)
APPLE iPhone 11 Pro (Midnight Green| 64 GB),Rs.74999,4.6(7,110)
APPLE iPhone 12 Mini (Black| 64 GB),Rs.63900,4.5(791)
APPLE iPhone 11 (Green| 64 GB),Rs.46999,4.6(44,820)
APPLE iPhone 12 Mini (Blue| 128 GB),Rs.68900,4.5(791)
APPLE iPhone 12 Mini (Black| 128 GB),Rs.68900,4.5(791)
APPLE iPhone 12 (Red| 128 GB),Rs.78900,4.6(2,176)
APPLE iPhone 12 Mini (Red| 64 GB),Rs.63900,4.5(791)
Apple iPhone SE (Black| 64 GB) (Includes EarPods| Power Adapter),Rs.29999,4.5(96,294)
APPLE iPhone 12 Mini (White| 64 GB),Rs.63900,4.5(791)
Case Plus White Audio Adapter 3.5 mm Jack Converter Headphone Jack Adapter Connector Support Music Control & Calling Function for iPhone Xs MAX/XR/X/8/7/Plus/6S/6/SE/5S/5C/Pad/for All iOS Devices Phone Converter,Rs.329,3.5(185)
Apple iPhone SE (Black| 256 GB) (Includes EarPods| Power Adapter),Rs.44999,4.5(96,293)
APPLE iPhone 12 Pro (Pacific Blue| 128 GB),Rs.112900,4.5(548)
APPLE iPhone 11 (White| 128 GB),Rs.54999,4.6(44,820)
APPLE iPhone 12 Pro (Graphite| 128 GB),Rs.112900,4.5(548)
APPLE iPhone 11 (Yellow| 64 GB),Rs.46999,4.6(44,820)
APPLE iPhone 12 Pro Max (Pacific Blue| 128 GB),Rs.122900,4.6(590)
Apple iPhone SE (White| 256 GB) (Includes EarPods| Power Adapter),Rs.44999,4.5(96,294)
